MNL_FEA_KEY,MNL_UPS_FEATURE_KEY,MNL_DNS_FEATURE_KEY,MNL_LENGTH_FT_NBR,MNL_WIDTH_IN_NBR,MNL_HEIGHT_IN_NBR,PIPE_DIAMETER_IN,MNL_SLOPE_PCT_NBR,MNL_MATERIAL_TYPE,MNL_INSTALL_DATE,Diameter_m,Length_m,Slope,Roughness_n,Area_m2,Hydraulic_Radius,Velocity_m_s,Capacity_m3_s,Install_Year,Pipe_Age,Degradation_Factor,Effective_Capacity_m3_s,Pipe_Flow_m3_s,Utilization,Pipe_Status
100000,1604,1436,413.09,32.02,50.97,41.495000000000005,4.25,Steel,1955-01-01,1.053973,125.909832,0.0425,0.012,0.8724666849395271,0.26349325,7.060891669434147,6.160392747548333,1955,71,0.5,3.0801963737741667,0.8116262258099887,0.2634982083351726,SAFE
100001,1776,1250,31.08,46.58,54.0,50.29,4.07,PVC,1973-01-01,1.277366,9.473184,0.0407,0.009,1.281505828736564,0.3193415,10.472690502905976,13.420813922028065,1973,53,0.7,9.394569745419645,1.9063571821788408,0.20292118040938403,SAFE
100002,1951,1806,148.85,12.01,45.04,28.525,0.653,HDPE,2018-01-01,0.7245349999999999,45.36948,0.00653,0.011,0.41229552474683084,0.18113374999999998,2.3517807130694117,0.9696286631844291,2018,8,1.0,0.9696286631844291,1.4907884894416696,1.5374839317823599,CRITICAL
100003,1877,1595,185.23,26.51,39.34,32.925000000000004,2.114,PVC,1970-01-01,0.8362950000000001,56.458104,0.02114,0.009,0.5492990929452125,0.20907375000000003,5.690839291024927,3.1259728606569688,1970,56,0.7,2.188181002459878,1.2374511199743696,0.565515886749437,SAFE
100004,1332,1720,77.31,19.04,19.73,19.384999999999998,4.431,Concrete,1963-01-01,0.49237899999999996,23.564088,0.04431,0.013,0.19040963708948225,0.12309474999999999,4.006826552790953,0.7629383897974265,1963,63,0.5,0.3814691948987132,0.39643541684062933,1.0392331075275683,CRITICAL
100005,1174,1879,333.21,16.43,34.41,25.419999999999998,4.788,Clay,2006-01-01,0.6456679999999999,101.562408,0.047880000000000006,0.015,0.32742241469629624,0.16141699999999998,4.324660233298061,1.4159906963274989,2006,20,0.85,1.203592091878374,0.39638958863878504,0.329338811141708,SAFE
100006,1945,1484,417.9,20.94,28.57,24.755000000000003,2.423,Concrete,1979-01-01,0.628777,127.37592,0.02423,0.013,0.3105154229334246,0.15719425,3.4875822505889746,1.0829480775567404,1979,47,0.7,0.7580636542897182,0.21035886311957896,0.2774949859806675,SAFE
100007,1011,1074,196.97,28.59,22.8,25.695,1.413,Clay,1978-01-01,0.6526529999999999,60.036456,0.01413,0.015,0.33454501171466516,0.16316324999999998,2.3662541396163013,0.7916185188578104,1978,48,0.7,0.5541329632004672,1.745734676972377,3.150389514620568,CRITICAL
100008,1136,1582,131.72,31.04,40.44,35.739999999999995,4.203,Concrete,2004-01-01,0.9077959999999998,40.148256,0.042030000000000005,0.013,0.6472415823272386,0.22694899999999996,5.867528282772578,3.7977082900915486,2004,22,0.85,3.228052046577816,1.2421185223120967,0.38478887712759,SAFE
100009,1445,1922,253.48,37.86,26.99,32.425,4.743,Steel,1978-01-01,0.8235949999999999,77.260704,0.04743,0.012,0.5327424260657014,0.20589874999999996,6.328213501456753,3.371307813427798,1978,48,0.7,2.3599154693994584,1.4453378978124864,0.6124532495141829,STRESSED
100010,1842,1740,135.07,32.12,55.98,44.05,1.043,Clay,2013-01-01,1.1188699999999998,41.169336,0.01043,0.015,0.983216459209482,0.27971749999999995,2.912039894956311,2.863165554595696,2013,13,1.0,2.863165554595696,0.13911053916202465,0.048586271561816226,SAFE
100011,1151,1185,202.66,44.89,55.66,50.275,0.615,HDPE,2010-01-01,1.2769849999999998,61.770768000000004,0.00615,0.011,1.280741473172032,0.31924624999999995,3.3301368103003406,4.2650443242884695,2010,16,1.0,4.2650443242884695,1.9428287191077893,0.4555236877712656,SAFE
100012,1344,1798,377.33,21.81,24.34,23.075,0.572,Concrete,2019-01-01,0.586105,115.010184,0.005719999999999999,0.013,0.2697992474750326,0.14652625,1.6169563097967976,0.43625359558318166,2019,7,1.0,0.43625359558318166,1.6816410175208014,3.8547327392747146,CRITICAL
100013,1217,1099,246.55,54.15,17.32,35.735,2.241,HDPE,1998-01-01,0.907669,75.14844000000001,0.02241,0.011,0.6470604977418963,0.22691725,5.06298434189143,3.276057168323696,1998,28,0.85,2.7846485930751417,0.5034443102887247,0.18079276198105892,SAFE
100014,1466,1448,63.51,13.31,21.26,17.285,0.639,Steel,2002-01-01,0.439039,19.357848,0.00639,0.012,0.1513896142466213,0.10975975,1.527089844999205,0.23118554255436238,2002,24,0.85,0.19650771117120802,0.4454674376934912,2.266920901161869,CRITICAL
100015,1210,1806,187.52,44.18,35.98,40.08,2.899,Steel,2007-01-01,1.0180319999999998,57.156096000000005,0.028990000000000002,0.012,0.8139781373500864,0.25450799999999996,5.698280456157064,4.6382757118011275,2007,19,1.0,4.6382757118011275,0.4484685687215243,0.0966886396124511,SAFE
100016,1005,1914,316.73,32.03,46.97,39.5,1.695,PVC,1989-01-01,1.0032999999999999,96.53930400000002,0.01695,0.009,0.7905903442618706,0.25082499999999996,5.753377745214196,4.548564892257476,1989,37,0.85,3.866280158418854,0.6780602616231216,0.17537794309774482,SAFE
100017,1879,1991,360.14,38.82,21.99,30.405,0.61,Concrete,2011-01-01,0.772287,109.770672,0.0060999999999999995,0.013,0.46843283562407606,0.19307175,2.0069384518760103,0.9401158699352729,2011,15,1.0,0.9401158699352729,1.097037220101252,1.1669170313833583,CRITICAL
100018,1682,1041,438.81,18.74,23.91,21.325,3.22,Concrete,2007-01-01,0.541655,133.749288,0.0322,0.013,0.23042807634915702,0.13541375,3.639930518606388,0.8387421874470595,2007,19,1.0,0.8387421874470595,0.9206955354200199,1.097709819774784,CRITICAL
100019,1814,1498,32.59,21.51,52.88,37.195,3.418,PVC,1955-01-01,0.944753,9.933432000000002,0.03418,0.009,0.7010135953597438,0.23618825,7.849024993069488,5.50227323046013,1955,71,0.5,2.751136615230065,0.6533353663762795,0.23747834359059777,SAFE
100020,1533,1863,170.39,50.44,31.96,41.2,2.991,Concrete,1975-01-01,1.04648,51.934872,0.029910000000000003,0.013,0.8601055433192567,0.26162,5.441836406005705,4.680553658642048,1975,51,0.7,3.2763875610494337,1.262520499972521,0.3853391811706589,SAFE
100021,1947,1825,382.1,58.48,41.6,50.04,2.075,Concrete,1987-01-01,1.271016,116.46408000000001,0.02075,0.013,1.2687963383921006,0.317754,5.159722944103061,6.546637578595673,1987,39,0.85,5.564641941806322,0.3650383352388795,0.06559960893375748,SAFE
100022,1117,1688,435.76,27.04,23.22,25.13,4.84,HDPE,1994-01-01,0.6383019999999999,132.819648,0.0484,0.011,0.3199943364064665,0.15957549999999998,5.88401997307641,1.8828530666869807,1994,32,0.85,1.6004251066839337,0.6550748322169144,0.4093130190729284,SAFE
100023,1585,1682,451.45,45.23,16.89,31.06,1.087,PVC,2010-01-01,0.788924,137.60196,0.01087,0.009,0.4888326633818627,0.197231,3.9251450808170767,1.9187391240160283,2010,16,1.0,1.9187391240160283,0.7960875022580142,0.4149013757491735,SAFE
100024,1938,1369,217.62,54.07,36.76,45.415,2.574,Clay,1965-01-01,1.153541,66.33057600000001,0.02574,0.015,1.0450954372123118,0.28838525,4.668690038811541,4.879226657320513,1965,61,0.5,2.4396133286602564,0.9665329700123682,0.39618285351111426,SAFE
100025,1909,1242,235.98,54.94,34.9,44.92,1.454,HDPE,1991-01-01,1.140968,71.926704,0.014539999999999999,0.011,1.022437594250797,0.285242,4.750053487964186,4.856633260796709,1991,35,0.85,4.128138271677202,1.5918343266467259,0.38560586440821587,SAFE
100026,1658,1948,211.9,16.08,19.33,17.705,4.159,HDPE,2013-01-01,0.4497069999999999,64.58712,0.041589999999999995,0.011,0.15883608601794225,0.11242674999999998,4.318652028945185,0.6859577851510982,2013,13,1.0,0.6859577851510982,0.4793801861008835,0.6988479414885406,STRESSED
100027,1151,1662,135.79,13.87,41.85,27.86,1.293,Steel,1957-01-01,0.7076439999999999,41.388792,0.012929999999999999,0.012,0.39329600844290413,0.17691099999999998,2.9862161598668355,1.1744668960233238,1957,69,0.5,0.5872334480116619,1.077045432985862,1.8341009638205639,CRITICAL
100028,1557,1576,99.41,20.15,38.11,29.13,0.333,Concrete,1952-01-01,0.739902,30.300168,0.00333,0.013,0.4299701276697874,0.1849755,1.4410804872913752,0.6196215611031121,1952,74,0.5,0.30981078055155603,1.2255876808378807,3.9559232853549102,CRITICAL
100029,1479,1966,31.22,54.15,43.4,48.775,0.791,PVC,1996-01-01,1.238885,9.515856,0.00791,0.009,1.2054574094651216,0.30972125,4.523692416511866,5.45311854162541,1996,30,0.85,4.635150760381599,0.18825578416799568,0.04061481360586794,SAFE
100030,1381,1189,390.12,16.72,18.94,17.83,0.503,Steel,2002-01-01,0.45288199999999995,118.90857600000001,0.00503,0.012,0.16108681730165847,0.11322049999999999,1.3832036473699005,0.2228158732348628,2002,24,0.85,0.18939349224963337,1.254335218612733,6.622905590438318,CRITICAL
100031,1564,1188,490.4,32.21,48.07,40.14,1.744,Steel,2016-01-01,1.019556,149.47392,0.01744,0.012,0.8164170217884784,0.254889,4.424111425375643,3.6119198739655625,2016,10,1.0,3.6119198739655625,0.4239958350058539,0.11738794043078943,SAFE
100032,1929,1365,418.24,57.98,22.66,40.32,2.165,Clay,1975-01-01,1.024128,127.47955200000001,0.02165,0.015,0.8237555648667517,0.256032,3.9551885374342666,3.258108567808666,1975,51,0.7,2.2806759974660658,0.22359802667203107,0.09804024198108745,SAFE
100033,1694,1096,117.3,37.59,36.93,37.260000000000005,3.556,Clay,1987-01-01,0.9464040000000001,35.75304,0.03556,0.015,0.7034658442078974,0.23660100000000003,4.809139050142156,3.3830650618214175,1987,39,0.85,2.875605302548205,1.9028825207813331,0.661732859893916,STRESSED
100034,1910,1155,388.38,45.21,49.69,47.45,0.734,HDPE,1953-01-01,1.20523,118.378224,0.00734,0.011,1.1408531559567139,0.3013075,3.50048837330597,3.9935432080758995,1953,73,0.5,1.9967716040379497,1.9347008628416629,0.9689144511716988,CRITICAL
100035,1953,1256,118.93,27.14,13.07,20.105,3.927,Concrete,1975-01-01,0.510667,36.249864,0.03927,0.013,0.2048167495011656,0.12766675,3.864906276688393,0.7915975407179692,1975,51,0.7,0.5541182785025783,1.6359549614212763,2.9523569694221234,CRITICAL
100036,1367,1666,189.91,44.95,27.57,36.260000000000005,1.382,Clay,2014-01-01,0.921004,57.884568,0.013819999999999999,0.015,0.6662127103446494,0.230251,2.944176074692714,1.9614475224529038,2014,12,1.0,1.9614475224529038,0.6787661614294043,0.3460536943555685,SAFE
100037,1445,1818,316.04,52.06,53.9,52.980000000000004,0.7,HDPE,1950-01-01,1.345692,96.32899200000001,0.006999999999999999,0.011,1.4222672916121761,0.336423,3.6791440121547536,5.2327261896184964,1950,76,0.5,2.6163630948092482,0.2855770166121293,0.10915037640559211,SAFE
100038,1680,1276,354.2,12.88,52.55,32.714999999999996,4.902,Steel,2002-01-01,0.8309609999999998,107.96016,0.04902,0.012,0.5423144343703405,0.20774024999999996,6.471711876164122,3.5097027655297612,2002,24,0.85,2.983247350700297,1.400042750373098,0.46930159848946074,SAFE
100039,1753,1762,212.41,48.01,37.85,42.93,2.546,PVC,1996-01-01,1.090422,64.742568,0.025459999999999997,0.009,0.9338542326937539,0.2726055,7.453777638831453,6.960741797580807,1996,30,0.85,5.916630527943686,0.9362897381052424,0.15824711948519257,SAFE
100040,1328,1026,156.62,59.47,53.6,56.535,1.199,HDPE,1967-01-01,1.435989,47.737776000000004,0.01199,0.011,1.6195415989454796,0.35899725,5.028181983494903,8.143349889338188,1967,59,0.7,5.700344922536731,0.3318726462050797,0.058219748228391745,SAFE
100041,1961,1961,473.8,47.91,57.59,52.75,1.483,PVC,2004-01-01,1.33985,144.41424,0.014830000000000001,0.009,1.409945229806231,0.3349625,6.526177158795543,9.201552353914156,2004,22,0.85,7.821319500827032,1.0408361292114134,0.13307679466378464,SAFE
100042,1278,1357,173.09,25.46,51.67,38.565,4.912,Steel,1985-01-01,0.979551,52.757832,0.04912,0.012,0.7536053726642481,0.24488775,7.229239957215375,5.447994072036566,1985,41,0.7,3.8135958504255956,0.16533819011891496,0.043354932353532764,SAFE
100043,1002,1973,304.73,49.89,53.0,51.445,3.933,HDPE,2010-01-01,1.306703,92.88170400000001,0.03933,0.011,1.3410459463573752,0.32667575,8.551596862737219,11.468084307656193,2010,16,1.0,11.468084307656193,1.8277087639496858,0.15937350257614444,SAFE
100044,1214,1488,229.54,16.95,16.74,16.845,0.132,PVC,2000-01-01,0.42786299999999994,69.963792,0.00132,0.009,0.14378028669151832,0.10696574999999998,0.9096499149301118,0.13078972555756674,2000,26,0.85,0.11117126672393172,0.5916819650400321,5.322256213103501,CRITICAL
100045,1257,1786,191.0,33.5,43.26,38.379999999999995,0.145,Concrete,1996-01-01,0.9748519999999998,58.216800000000006,0.00145,0.013,0.7463924803731039,0.24371299999999996,1.1428602102394634,0.8530222670403601,1996,30,0.85,0.725068926984306,1.3587923402725657,1.87401816531296,CRITICAL
100046,1072,1956,226.01,55.61,45.77,50.69,2.621,PVC,1973-01-01,1.287526,68.887848,0.02621,0.009,1.30197275723227,0.3218815,8.44866996532438,10.999938129698847,1973,53,0.7,7.699956690789192,0.6922510445698807,0.08990323872833755,SAFE
100047,1307,1253,387.59,26.09,41.29,33.69,2.049,PVC,2015-01-01,0.8557259999999999,118.137432,0.020489999999999998,0.009,0.5751211467660733,0.21393149999999997,5.68911824750554,3.2719322105931794,2015,11,1.0,3.2719322105931794,1.0881292402378406,0.33256472634577294,SAFE
100048,1455,1466,435.4,25.81,50.38,38.095,1.078,Clay,1950-01-01,0.967613,132.70992,0.010780000000000001,0.015,0.7353486008508694,0.24190325,2.6872779596108622,1.9760860876972266,1950,76,0.5,0.9880430438486133,1.1387495307522313,1.152530284831102,CRITICAL
100049,1880,1742,272.4,18.24,13.66,15.95,2.305,Concrete,1982-01-01,0.40513,83.02752,0.02305,0.013,0.12890764945110117,0.1012825,2.5375526058430635,0.32710994177774594,1982,44,0.7,0.22897695924442213,0.45122346549850134,1.97060641816298,CRITICAL
100050,1727,1315,166.93,12.93,48.97,30.95,0.669,Steel,1962-01-01,0.78613,50.880264000000004,0.006690000000000001,0.012,0.4853763609961908,0.1965325,2.304029658756995,1.1183215313947656,1962,64,0.5,0.5591607656973828,1.9422107927526613,3.4734389676470676,CRITICAL
100051,1077,1629,131.09,44.58,47.12,45.849999999999994,0.969,Clay,1975-01-01,1.1645899999999998,39.956232,0.009689999999999999,0.015,1.0652118634770391,0.29114749999999995,2.8827877837438534,3.0707797471306337,1975,51,0.7,2.1495458229914433,1.5727523643861177,0.731667288765855,STRESSED
100052,1830,1369,480.33,22.16,24.47,23.314999999999998,3.382,Steel,2005-01-01,0.5922009999999999,146.404584,0.03382,0.012,0.2754407258643124,0.14805024999999997,4.288890769247776,1.1813351866343567,2005,21,0.85,1.004134908639203,1.8850479889719594,1.8772855845899867,CRITICAL
100053,1560,1574,498.97,24.75,24.34,24.545,3.478,Concrete,2019-01-01,0.623443,152.086056,0.034780000000000005,0.013,0.30526948040232815,0.15586075,4.1547600244076905,1.2683214338473,2019,7,1.0,1.2683214338473,1.8001719658125328,1.419334182780408,CRITICAL
100054,1256,1498,288.4,35.6,42.35,38.975,1.288,PVC,1955-01-01,0.989965,87.90432,0.01288,0.009,0.7697143128152284,0.24749125,4.9707507667271535,3.8260580105871607,1955,71,0.5,1.9130290052935803,1.2360099597410619,0.6461010033412323,STRESSED
100055,1554,1678,381.27,14.56,28.57,21.565,1.776,PVC,1964-01-01,0.547751,116.211096,0.01776,0.009,0.23564392045599503,0.13693775,3.933940283584935,0.9270091112637229,1964,62,0.5,0.46350455563186144,1.851561046543922,3.994698701547444,CRITICAL
100056,1295,1663,375.95,39.56,50.24,44.900000000000006,4.067,Clay,1952-01-01,1.14046,114.58956,0.040670000000000005,0.015,1.0215273449353464,0.285115,5.8240604140310035,5.949436971488145,1952,74,0.5,2.9747184857440727,0.2681357538986471,0.09013819465056967,SAFE
100057,1515,1580,170.96,19.04,33.42,26.23,4.052,Clay,2014-01-01,0.666242,52.108608000000004,0.040519999999999994,0.015,0.3486212821455588,0.1665605,4.062482188511848,1.4162677492524962,2014,12,1.0,1.4162677492524962,0.47236743859637587,0.33352975724095296,SAFE
100058,1441,1709,433.61,40.29,49.57,44.93,2.8,PVC,2008-01-01,1.141222,132.164328,0.027999999999999997,0.009,1.0228928709207663,0.2853055,8.057678506795702,8.24214190077281,2008,18,1.0,8.24214190077281,0.18593184893002235,0.022558680882767718,SAFE
100059,1811,1189,190.83,45.59,59.54,52.565,1.525,Clay,1974-01-01,1.335151,58.164984000000004,0.01525,0.015,1.4000729086464176,0.33378775,3.961478094784872,5.546358158704525,1974,52,0.7,3.882450711093167,0.7181276284502022,0.1849676098651621,SAFE
100060,1565,1343,402.86,16.91,26.41,21.66,4.909,Steel,1995-01-01,0.550164,122.791728,0.049089999999999995,0.012,0.237724651380474,0.137541,4.919678489640491,1.1695288538538027,1995,31,0.85,0.9940995257757322,0.8384868504100158,0.8434636861492453,STRESSED
100061,1939,1450,252.76,31.87,18.86,25.365000000000002,2.173,Steel,1964-01-01,0.644271,77.041248,0.02173,0.012,0.32600709203336825,0.16106775,3.6365342178763087,1.1855359454496945,1964,62,0.5,0.5927679727248473,0.6155631603704022,1.0384554980944223,CRITICAL
100062,1970,1787,150.74,45.33,55.26,50.295,3.53,Concrete,1982-01-01,1.277493,45.945552000000006,0.0353,0.013,1.2817606645954889,0.31937325,6.752682943371447,8.655323377298407,1982,44,0.7,6.058726364108884,1.6746012673886657,0.27639493298604606,SAFE
100063,1866,1759,74.95,31.88,37.99,34.935,4.353,Concrete,1988-01-01,0.887349,22.84476,0.04353,0.013,0.6184132837036405,0.22183725,5.881308534870864,3.6370793235237375,1988,38,0.85,3.091517424995177,0.7778313207178196,0.25160179089691953,SAFE
100064,1865,1676,79.7,14.4,58.79,36.595,4.864,Steel,1970-01-01,0.9295129999999999,24.29256,0.048639999999999996,0.012,0.6785796284301813,0.23237824999999998,6.946710307838973,4.71389609950548,1970,56,0.7,3.299727269653836,0.6337755684060234,0.1920690762035345,SAFE
100065,1843,1785,153.57,37.72,42.56,40.14,1.077,Concrete,1974-01-01,1.019556,46.808136,0.01077,0.013,0.8164170217884784,0.254889,3.2092131392728813,2.620056233449619,1974,52,0.7,1.8340393634147332,1.131122558000672,0.6167384302453983,STRESSED
100066,1699,1149,216.33,43.86,59.71,51.785,0.64,HDPE,1977-01-01,1.3153389999999998,65.93738400000001,0.0064,0.011,1.3588304668002347,0.32883474999999995,3.46483405314373,4.708122073818644,1977,49,0.7,3.2956854516730507,0.36775602745204905,0.11158711377184317,SAFE
100067,1322,1205,378.02,36.71,38.21,37.46,2.487,Clay,1987-01-01,0.951484,115.220496,0.02487,0.015,0.7110380807755302,0.237871,4.036215065728417,2.869902613932814,1987,39,0.85,2.439417221842892,1.6241742634326755,0.6658042129446271,STRESSED
100068,1842,1362,179.43,57.34,37.27,47.30500000000001,2.854,Clay,1966-01-01,1.2015470000000001,54.690264000000006,0.02854,0.015,1.1338912612153411,0.30038675000000004,5.051529653638753,5.727885330031142,1966,60,0.5,2.863942665015571,0.24164622299156457,0.0843753703394236,SAFE
100069,1603,1888,262.91,40.15,18.5,29.325,0.103,HDPE,2004-01-01,0.7448549999999999,80.13496800000001,0.0010299999999999999,0.011,0.43574594687946305,0.18621374999999998,0.9514086404372059,0.41457245889661287,2004,22,0.85,0.3523865900621209,1.975085179540983,5.604881783931683,CRITICAL
100070,1261,1755,432.06,55.36,29.07,42.215,2.869,PVC,2002-01-01,1.0722610000000001,131.691888,0.028690000000000004,0.009,0.9030065527537083,0.26806525000000003,7.824377171125984,7.065463856743287,2002,24,0.85,6.005644278231794,1.5672650616636492,0.26096535010313493,SAFE
100071,1026,1666,496.0,18.6,13.26,15.93,0.755,Clay,1955-01-01,0.404622,151.1808,0.00755,0.015,0.12858457276242857,0.1011555,1.2575981335839788,0.1617077187137235,1955,71,0.5,0.08085385935686175,0.4775597949149275,5.906456398168196,CRITICAL
100072,1963,1753,52.33,18.69,19.7,19.195,1.52,Concrete,2016-01-01,0.487553,15.950184,0.0152,0.013,0.18669536992620184,0.12188825,2.3314154464361487,0.4352644692240578,2016,10,1.0,0.4352644692240578,0.11049202253484457,0.25385031480244125,SAFE
100073,1031,1416,77.02,50.75,47.79,49.269999999999996,4.906,Concrete,2000-01-01,1.2514579999999997,23.475696,0.04906,0.013,1.2300490761852376,0.31286449999999993,7.8521986477694075,9.658589692711733,2000,26,0.85,8.209801238804973,1.6493767140641848,0.20090336733953254,SAFE
100074,1523,1520,136.09,31.09,13.46,22.275,4.449,Clay,1952-01-01,0.565785,41.480232,0.04449,0.015,0.25141590013337534,0.14144625,3.8173991208671447,0.9597548361411689,1952,74,0.5,0.4798774180705844,1.4430289533104725,3.0070782640958105,CRITICAL
100075,1387,1904,198.42,19.94,29.59,24.765,4.721,Concrete,1982-01-01,0.629031,60.478415999999996,0.04721,0.013,0.3107663444770737,0.15725775,4.869469907546927,1.5132673627094724,1982,44,0.7,1.0592871538966306,1.485113619277876,1.4019934196453014,CRITICAL
100076,1694,1916,96.72,56.52,53.39,54.955,0.385,PVC,1957-01-01,1.395857,29.480256,0.00385,0.009,1.530282948331043,0.34896425,3.41723736946737,5.229340076895545,1957,69,0.5,2.6146700384477723,1.565413658703297,0.5987040948511507,SAFE
100077,1129,1068,398.86,28.69,45.25,36.97,3.04,Clay,1986-01-01,0.9390379999999999,121.572528,0.0304,0.015,0.692558104317609,0.23475949999999998,4.423448581096829,3.063495163870837,1986,40,0.7,2.1444466147095858,0.2406848382947717,0.11223633950307815,SAFE
100078,1013,1594,205.06,48.04,45.17,46.605000000000004,0.446,Steel,2016-01-01,1.183767,62.50228800000001,0.00446,0.012,1.1005818316619085,0.29594175,2.4714794765298276,2.7200654091940124,2016,10,1.0,2.7200654091940124,0.7810848842341179,0.2871566549811619,SAFE
100079,1059,1310,59.07,46.85,21.05,33.95,1.839,Clay,1961-01-01,0.86233,18.004536,0.01839,0.015,0.5840323071764737,0.2155825,3.250438411147584,1.898361044597555,1961,65,0.5,0.9491805222987775,0.3201512130977464,0.3372922279551066,SAFE
100080,1892,1725,370.29,54.4,33.21,43.805,3.64,Clay,1985-01-01,1.112647,112.86439200000001,0.0364,0.015,0.9723098467433351,0.27816175,5.4198970767265235,5.269819296036616,1985,41,0.7,3.688873507225631,1.7398965091636278,0.47166065893980424,SAFE
100081,1440,1383,194.37,41.94,39.92,40.93,0.475,HDPE,1992-01-01,1.039622,59.243976,0.00475,0.011,0.8488692542995216,0.2599055,2.551708730963527,2.166067087642588,1992,34,0.85,1.8411570244961997,1.28426644097236,0.6975322712215581,STRESSED
100082,1721,1999,259.74,48.05,59.51,53.78,2.206,Concrete,1989-01-01,1.366012,79.16875200000001,0.02206,0.013,1.465544163986935,0.341503,5.581990382242013,8.180653428125984,1989,37,0.85,6.953555413907086,0.7287062472200334,0.10479620911089937,SAFE
100083,1136,1733,362.3,28.75,21.79,25.27,1.958,PVC,2002-01-01,0.6418579999999999,110.42904000000001,0.01958,0.009,0.32356966437897844,0.16046449999999998,4.591097111331198,1.485539751444733,2002,24,0.85,1.262708788728023,0.2207608655434449,0.17483117842699591,SAFE
100084,1038,1503,285.14,24.96,23.89,24.425,2.138,Steel,1970-01-01,0.620395,86.910672,0.02138,0.012,0.3022918645721597,0.15509875,3.5174516478252054,1.0632970171634968,1970,56,0.7,0.7443079120144477,0.6908664112597581,0.92819974113932,CRITICAL
100085,1388,1714,147.4,55.0,24.58,39.79,3.134,Concrete,1957-01-01,1.0106659999999998,44.92752,0.03134,0.013,0.8022416267069864,0.25266649999999996,5.442577058768312,4.366261873104416,1957,69,0.5,2.183130936552208,0.7178483118508193,0.32881596785234896,SAFE
100086,1326,1089,383.83,32.55,48.01,40.28,3.25,Concrete,2002-01-01,1.023112,116.991384,0.0325,0.013,0.8221219399541416,0.255778,5.587794848641578,4.593848741030973,2002,24,0.85,3.9047714298763267,1.4862517388423218,0.3806245168335999,SAFE
100087,1844,1791,230.79,58.31,33.93,46.120000000000005,1.869,Steel,2019-01-01,1.171448,70.344792,0.01869,0.012,1.0777943729272408,0.292862,5.024182663332514,5.415035803098381,2019,7,1.0,5.415035803098381,1.3113591955749049,0.2421699954088152,SAFE
100088,1841,1862,472.31,43.85,14.73,29.29,4.453,Clay,2007-01-01,0.7439659999999999,143.960088,0.04453,0.015,0.4347064238184075,0.18599149999999998,4.5838509390771485,1.9926294490428762,2007,19,1.0,1.9926294490428762,1.7857042108950205,0.8961546823232747,STRESSED
100089,1005,1986,484.73,41.84,36.41,39.125,1.394,Steel,2012-01-01,0.993775,147.74570400000002,0.01394,0.012,0.7756503909328555,0.24844375,3.8883814093175983,3.0160245602332427,2012,14,1.0,3.0160245602332427,0.9972083578077036,0.3306366834527982,SAFE
100090,1463,1781,45.13,17.51,22.17,19.840000000000003,0.415,PVC,1966-01-01,0.503936,13.755624000000001,0.00415,0.009,0.19945303548424004,0.125984,1.7988369547130936,0.35878349095875295,1966,60,0.5,0.17939174547937647,0.32722906728277323,1.8241032574176756,CRITICAL
100091,1084,1395,254.93,57.58,50.33,53.955,0.797,PVC,1978-01-01,1.3704569999999998,77.70266400000001,0.00797,0.009,1.4750974367825342,0.34261424999999995,4.856875071557869,7.164363968828,1978,48,0.7,5.0150547781796,1.4551650957236906,0.2901593621778737,SAFE
100092,1187,1938,68.23,33.6,26.27,29.935000000000002,1.452,PVC,1995-01-01,0.760349,20.796504000000002,0.01452,0.009,0.45406271285836697,0.19008725,4.426319822914023,2.0098267867711077,1995,31,0.85,1.7083527687554414,1.545491592372105,0.904667713037991,CRITICAL
100093,1031,1394,228.27,39.76,13.33,26.544999999999998,2.903,PVC,2018-01-01,0.6742429999999999,69.57669600000001,0.02903,0.009,0.3570448506165104,0.16856074999999998,5.776773128258747,2.062567098624616,2018,8,1.0,2.062567098624616,1.166426675382043,0.5655218083134617,SAFE
100094,1474,1216,100.75,31.59,40.48,36.035,1.322,HDPE,2017-01-01,0.9152889999999999,30.7086,0.01322,0.011,0.6579704164743445,0.22882224999999998,3.910406236631398,2.5729316201002352,2017,9,1.0,2.5729316201002352,1.5648376419136658,0.6081924718437343,STRESSED
100095,1007,1024,291.77,23.38,52.5,37.94,1.0,PVC,2011-01-01,0.9636759999999999,88.931496,0.01,0.009,0.7293768378590267,0.24091899999999997,4.302011085232452,3.1377872417813255,2011,15,1.0,3.1377872417813255,1.0382116330923423,0.3308738142816045,SAFE
100096,1235,1815,342.27,55.36,30.29,42.825,4.75,HDPE,2019-01-01,1.087755,104.323896,0.0475,0.011,0.9292916992074034,0.27193875,8.316390065353675,7.728352255104085,2019,7,1.0,7.728352255104085,1.0931923758257887,0.14145219313778104,SAFE
100097,1322,1249,476.21,39.54,47.99,43.765,4.766,HDPE,1988-01-01,1.111631,145.148808,0.04766,0.011,0.9705349517855525,0.27790775,8.451843353594532,8.202809381679911,1988,38,0.85,6.9723879744279245,0.9123279348812442,0.1308487046657927,SAFE
100098,1160,1452,188.38,12.14,36.53,24.335,0.625,PVC,2013-01-01,0.618109,57.418224,0.00625,0.009,0.3000682294708882,0.15452725,2.5294972784729652,0.7590217698028129,2013,13,1.0,0.7590217698028129,0.14829634081378085,0.19537824435827042,SAFE
100099,1942,1939,268.95,41.62,37.97,39.795,3.186,HDPE,1962-01-01,1.010793,81.97596,0.03186,0.011,0.8024432582806065,0.25269825,6.485821969323612,5.204504113691979,1962,64,0.5,2.6022520568459897,0.3049937112872785,0.11720375452673878,SAFE
100100,1459,1731,441.3,27.68,58.05,42.864999999999995,1.411,Steel,1984-01-01,1.088771,134.50824,0.014110000000000001,0.012,0.9310284897627579,0.27219275,4.1575099416445935,3.8707602021430176,1984,42,0.7,2.7095321415001123,0.15971545280479507,0.058945767927436284,SAFE
100101,1850,1633,148.06,37.3,50.59,43.945,0.471,Steel,1974-01-01,1.116203,45.128688000000004,0.00471,0.012,0.9785347481240481,0.27905075,2.4422193632869806,2.3897965095176987,1974,52,0.7,1.6728575566623891,1.3091797814011827,0.7826008712978527,STRESSED
100102,1300,1141,334.63,54.53,13.55,34.04,1.639,Steel,1984-01-01,0.8646159999999999,101.99522400000001,0.016390000000000002,0.012,0.5871329009118191,0.21615399999999999,3.842528363142177,2.2560748246876106,1984,42,0.7,1.5792523772813274,0.6972763640450206,0.44152307387713247,SAFE
100103,1832,1006,107.42,29.15,46.05,37.599999999999994,3.332,Clay,1972-01-01,0.9550399999999998,32.741616,0.033319999999999995,0.015,0.716362765648878,0.23875999999999994,4.683483028197652,3.355072854949252,1972,54,0.7,2.3485509984644763,1.0662843132129352,0.45401795145606394,SAFE
100104,1549,1002,195.74,55.61,34.32,44.965,0.526,HDPE,1990-01-01,1.142111,59.66155200000001,0.00526,0.011,1.0244871373299378,0.28552775,2.8589006865071416,2.928906980230295,1990,36,0.85,2.489570933195751,1.8243763004595768,0.7328075196145171,STRESSED
100105,1175,1323,401.89,41.92,57.48,49.7,2.88,PVC,1988-01-01,1.26238,122.496072,0.0288,0.009,1.2516130770439384,0.315595,8.74058452809494,10.939829896371549,1988,38,0.85,9.298855411915817,0.5736552353828623,0.0616909511946776,SAFE
100106,1457,1349,50.08,12.76,22.63,17.695,2.625,HDPE,1971-01-01,0.449453,15.264384,0.02625,0.011,0.15865671157034178,0.11236325,3.4296897082709275,0.5441432908209102,1971,55,0.7,0.3809003035746371,0.8797275537676964,2.309600558234563,CRITICAL
100107,1474,1234,327.85,56.61,24.82,40.715,1.49,HDPE,1965-01-01,1.034161,99.92868000000001,0.0149,0.011,0.8399746758913751,0.25854025,4.503524800037182,3.7828467842800015,1965,61,0.5,1.8914233921400008,1.5355471632317925,0.811847400012558,STRESSED
100108,1340,1388,389.16,45.16,15.91,30.534999999999997,2.15,Clay,2005-01-01,0.7755889999999999,118.61596800000001,0.0215,0.015,0.47244707361498217,0.19389724999999997,3.274731801364544,1.547137456428598,2005,21,0.85,1.3150668379643082,0.5347165144340826,0.4066078612869677,SAFE
100109,1783,1156,413.44,59.87,32.57,46.22,2.563,Steel,2018-01-01,1.173988,126.016512,0.02563,0.012,1.082473309789227,0.293497,5.891992264613176,6.3779243679283475,2018,8,1.0,6.3779243679283475,0.2462618286747067,0.03861159437904976,SAFE
100110,1449,1035,243.11,20.27,17.23,18.75,2.808,Steel,2018-01-01,0.47625,74.099928,0.028079999999999997,0.012,0.17813934812021404,0.1190625,3.3796155829589085,0.6020425168452171,2018,8,1.0,0.6020425168452171,0.6505277605361592,1.0805345840772362,CRITICAL
100111,1052,1997,364.45,18.58,42.42,30.5,2.04,Steel,1961-01-01,0.7746999999999999,111.08436,0.0204,0.012,0.4713646324304472,0.19367499999999999,3.98427721143578,1.8780473632694337,1961,65,0.5,0.9390236816347168,0.4063204457826084,0.43270521684315555,SAFE
100112,1709,1978,105.92,56.76,50.54,53.65,3.568,Concrete,1986-01-01,1.3627099999999999,32.284416,0.03568,0.013,1.4584675380046073,0.34067749999999997,7.087581049553223,10.33700688375,1986,40,0.7,7.2359048186249995,1.8664255394508888,0.2579394818249635,SAFE
100113,1962,1358,320.16,45.45,45.45,45.45,4.37,PVC,2007-01-01,1.15443,97.58476800000001,0.0437,0.009,1.0467069063403989,0.2886075,10.143860878104496,10.617649238068159,2007,19,1.0,10.617649238068159,1.6354287211723921,0.1540292662248421,SAFE
100114,1345,1205,439.54,15.17,48.78,31.975,3.464,Concrete,1977-01-01,0.812165,133.97179200000002,0.03464,0.013,0.5180580433214561,0.20304125,4.945783579492154,2.5622029638830925,1977,49,0.7,1.7935420747181647,1.3034671373698046,0.7267558178553631,STRESSED
100115,1028,1174,444.58,48.26,28.44,38.35,4.702,Concrete,1951-01-01,0.97409,135.507984,0.04702,0.013,0.7452260904269696,0.2435225,6.504651337733038,4.84743588600935,1951,75,0.5,2.423717943004675,1.7557751213566637,0.7244139634416515,STRESSED
100116,1787,1078,231.95,48.19,52.6,50.394999999999996,0.14,Steel,1962-01-01,1.2800329999999998,70.69836,0.0014000000000000002,0.012,1.2868627022025212,0.32000824999999994,1.458781414832533,1.8772513934142105,1962,64,0.5,0.9386256967071053,1.6269769461083174,1.7333607547887213,CRITICAL
100117,1785,1617,158.66,56.31,32.58,44.445,1.882,HDPE,1951-01-01,1.128903,48.359568,0.01882,0.011,1.000928685162762,0.28222575,5.365969686721413,5.370952983153301,1951,75,0.5,2.6854764915766505,0.4544831118834681,0.16923741961957742,SAFE
100118,1773,1390,428.7,46.15,51.55,48.849999999999994,3.322,Concrete,1958-01-01,1.2407899999999998,130.66776000000002,0.03322,0.013,1.2091674582886383,0.31019749999999996,6.424637928995355,7.768463115028094,1958,68,0.5,3.884231557514047,1.7958620971309578,0.46234681700602065,SAFE
100119,1237,1219,148.88,17.97,42.07,30.02,2.321,Concrete,2013-01-01,0.762508,45.378624,0.02321,0.013,0.4566449828456566,0.190627,3.8816570307892966,1.7725392082375007,2013,13,1.0,1.7725392082375007,1.1247502596397365,0.63454182249549,STRESSED
100120,1207,1848,69.78,12.95,18.88,15.915,3.869,Steel,1965-01-01,0.40424099999999996,21.268944,0.03869,0.012,0.12834253126735068,0.10106024999999999,3.556354383175241,0.45643152362044803,1965,61,0.5,0.22821576181022402,1.6341362948117188,7.160488310928355,CRITICAL
100121,1394,1148,238.07,13.26,15.76,14.51,4.879,Clay,1977-01-01,0.368554,72.563736,0.04878999999999999,0.015,0.10668224331993509,0.0921385,3.004011391029032,0.32047467415361586,1977,49,0.7,0.22433227190753108,1.8025734698546372,8.035283798122684,CRITICAL
100122,1254,1151,272.06,13.36,12.88,13.120000000000001,1.76,Clay,1957-01-01,0.333248,82.923888,0.0176,0.015,0.08722178788996031,0.083312,1.6870842916088467,0.14715050823519077,1957,69,0.5,0.07357525411759538,0.7042066024465413,9.571242544687747,CRITICAL
100123,1413,1831,60.27,23.82,15.2,19.509999999999998,4.552,Concrete,1964-01-01,0.49555399999999994,18.370296000000003,0.04552,0.013,0.1928731855144194,0.12388849999999998,4.078606160189327,0.7866537625744499,1964,62,0.5,0.3933268812872249,0.30909865660258584,0.7858569330197093,STRESSED
100124,1145,1483,244.58,53.28,34.01,43.644999999999996,2.988,PVC,1962-01-01,1.1085829999999999,74.54798400000001,0.02988,0.009,0.9652199956958029,0.27714574999999997,8.164318446400163,7.880363415693529,1962,64,0.5,3.9401817078467647,0.5330768088296892,0.1352924429267009,SAFE
100125,1209,1711,166.01,37.86,17.44,27.65,2.496,HDPE,2011-01-01,0.70231,50.599848,0.02496,0.011,0.3873892686883167,0.1755775,4.503417169967698,1.7445754840721954,2011,15,1.0,1.7445754840721954,0.911504798389887,0.52247942649191,SAFE
100126,1430,1262,269.85,38.54,13.33,25.935,0.215,Concrete,1970-01-01,0.6587489999999999,82.25028000000002,0.00215,0.013,0.340823725429658,0.16468724999999998,1.0716406918123338,0.3652405729054956,1970,56,0.7,0.2556684010338469,1.6542280552527369,6.470209257630317,CRITICAL
100127,1007,1789,220.81,52.42,48.23,50.325,1.727,Concrete,1987-01-01,1.278255,67.30288800000001,0.01727,0.013,1.2832902117918925,0.31956375,4.725065382460304,6.063630155388023,1987,39,0.85,5.15408563207982,1.7353881081870526,0.33670145047372335,SAFE
100128,1017,1960,483.35,17.96,30.95,24.455,3.204,Steel,2012-01-01,0.621157,147.32508,0.03204,0.012,0.3030349004195082,0.15528925,4.309490582202892,1.305926049436662,2012,14,1.0,1.305926049436662,0.11320904800926235,0.08668871262511181,SAFE
100129,1754,1050,277.59,25.4,47.85,36.625,3.4,Concrete,2016-01-01,0.930275,84.609432,0.034,0.013,0.6796926620787669,0.23256875,5.364101808387933,3.645940637804722,2016,10,1.0,3.645940637804722,1.0704198748973748,0.29359223894053615,SAFE
100130,1086,1090,111.78,40.12,33.72,36.92,3.178,HDPE,1983-01-01,0.937768,34.070544000000005,0.03178,0.011,0.6906860735360835,0.234442,6.161803904313696,4.255872144569736,1983,43,0.7,2.979110501198815,0.89308090598268,0.2997810606969087,SAFE
100131,1317,1009,202.18,58.54,33.6,46.07,2.371,Clay,2007-01-01,1.170178,61.624464,0.02371,0.015,1.0754587048023405,0.2925445,4.523790417377145,4.865149783069664,2007,19,1.0,4.865149783069664,0.5220048398943875,0.10729471098935597,SAFE
100132,1320,1617,196.83,38.93,34.95,36.94,0.866,Clay,1955-01-01,0.9382759999999999,59.993784000000005,0.00866,0.015,0.6914345818242061,0.23456899999999997,2.3596527588664387,1.6315455185771504,1955,71,0.5,0.8157727592885752,0.32774419793399734,0.4017591837950299,SAFE
100133,1519,1860,219.07,12.9,34.75,23.825,0.335,Concrete,1950-01-01,0.605155,66.772536,0.00335,0.013,0.2876226830522871,0.15128875,1.2641059464294593,0.3635855439743918,1950,76,0.5,0.1817927719871959,0.7414688256668931,4.078648548904445,CRITICAL
100134,1797,1963,480.47,50.43,50.55,50.489999999999995,2.556,PVC,1952-01-01,1.2824459999999998,146.447256,0.02556,0.009,1.2917190246852523,0.32061149999999994,8.32128977710353,10.748768315003533,1952,74,0.5,5.374384157501766,1.8915284374337864,0.3519525925204882,SAFE
100135,1695,1597,489.23,23.18,31.31,27.244999999999997,3.342,PVC,1954-01-01,0.6920229999999999,149.11730400000002,0.03342,0.009,0.3761239073269685,0.17300574999999999,6.306684010577997,2.3720946323351124,1954,72,0.5,1.1860473161675562,0.7140855708394349,0.6020717395549117,STRESSED
100136,1796,1495,472.75,50.74,55.42,53.08,3.586,Clay,2014-01-01,1.3482319999999999,144.0942,0.035859999999999996,0.015,1.427641431135484,0.33705799999999997,6.11435020731198,8.729099680430418,2014,12,1.0,8.729099680430418,1.0857021813123955,0.12437733799127167,SAFE
100137,1884,1033,361.64,30.62,13.78,22.2,3.469,Concrete,2007-01-01,0.5638799999999999,110.227872,0.03469,0.013,0.24972571399841073,0.14096999999999998,3.880698750363824,0.9691102662473463,2007,19,1.0,0.9691102662473463,1.435736021900838,1.481499135759227,CRITICAL
100138,1483,1455,43.45,53.45,49.15,51.3,2.911,PVC,1985-01-01,1.3030199999999998,13.243560000000002,0.02911,0.009,1.3334970056660935,0.32575499999999996,8.975100497156426,11.96826963851036,1985,41,0.7,8.377788746957252,0.7908962445206585,0.09440393741223255,SAFE
100139,1043,1121,222.01,47.86,18.03,32.945,3.159,HDPE,1980-01-01,0.836803,67.668648,0.03159,0.011,0.5499666293781753,0.20920075,5.694089457823385,3.1315591864969288,1980,46,0.7,2.19209143054785,1.9463859571698252,0.8879127622351876,STRESSED
100140,1482,1392,467.62,38.7,41.69,40.195,1.126,PVC,1954-01-01,1.020953,142.530576,0.01126,0.009,0.8186558707818101,0.25523825,4.744136665302536,3.88381533284116,1954,72,0.5,1.94190766642058,1.9286498603900113,0.993172792785248,CRITICAL
100141,1055,1487,418.73,18.55,12.5,15.525,0.866,HDPE,1964-01-01,0.394335,127.628904,0.00866,0.011,0.12212948684164883,0.09858375,1.8053849465038803,0.22049073706815653,1964,62,0.5,0.11024536853407826,0.5783863620681918,5.24635519622219,CRITICAL
100142,1232,1819,340.09,14.88,37.85,26.365000000000002,0.236,PVC,1952-01-01,0.669671,103.659432,0.0023599999999999997,0.009,0.35221906992708174,0.16741775,1.6396374378987058,0.5775115733943054,1952,74,0.5,0.2887557866971527,1.0447721611955323,3.6181860566184607,CRITICAL
100143,1261,1033,151.99,17.82,12.14,14.98,0.961,Concrete,2002-01-01,0.380492,46.32655200000001,0.00961,0.013,0.11370536099247011,0.095123,1.5713588190202121,0.17867192176539473,2002,24,0.85,0.1518711335005855,0.6716687886518623,4.422623135615649,CRITICAL
100144,1306,1999,267.4,14.14,57.66,35.9,4.877,Steel,2004-01-01,0.9118599999999999,81.50352,0.04877,0.012,0.653049666135646,0.22796499999999997,6.867635670092909,4.484907181495427,2004,22,0.85,3.8121711042711133,0.6411969393171885,0.16819731375614244,SAFE
100145,1860,1638,348.43,17.16,55.46,36.31,1.4,Concrete,1965-01-01,0.922274,106.201464,0.013999999999999999,0.013,0.6680512984325545,0.2305685,3.4223202603447014,2.2862854935753156,1965,61,0.5,1.1431427467876578,0.17008519997361232,0.14878736750206242,SAFE
100146,1191,1867,316.54,22.83,50.21,36.519999999999996,0.639,HDPE,1950-01-01,0.9276079999999999,96.48139200000001,0.00639,0.011,0.6758010346301151,0.23190199999999997,2.7430100998308364,1.8537290634665347,1950,76,0.5,0.9268645317332673,1.258172234561804,1.3574499740636103,CRITICAL
100147,1692,1445,263.47,46.22,55.93,51.075,3.585,Clay,2009-01-01,1.297305,80.30565600000001,0.03585,0.015,1.3218253155772572,0.32432625,5.958560976306238,7.876176742892323,2009,17,1.0,7.876176742892323,1.0550901441348368,0.13395968355928262,SAFE
100148,1105,1519,35.68,38.87,18.99,28.93,2.723,Clay,2012-01-01,0.734822,10.875264,0.027229999999999997,0.015,0.4240862404225073,0.1837055,3.55506326919482,1.5076534162969792,2012,14,1.0,1.5076534162969792,0.19780962737497976,0.13120364749401728,SAFE
100149,1930,1827,251.28,12.6,19.57,16.085,3.943,Steel,1951-01-01,0.408559,76.59014400000001,0.03943,0.012,0.1310990199536411,0.10213975,3.6157245346701266,0.4740179429175886,1951,75,0.5,0.2370089714587943,0.6294282820495617,2.655715005957031,CRITICAL
100150,1226,1425,155.04,15.45,21.01,18.23,2.156,Clay,2017-01-01,0.463042,47.256192,0.021560000000000003,0.015,0.1683955659801608,0.1157605,2.3250915001107493,0.3915350991168108,2017,9,1.0,0.3915350991168108,1.825705183336642,4.662941298123467,CRITICAL
100151,1979,1027,356.25,58.43,41.88,50.155,3.888,PVC,1991-01-01,1.2739369999999999,108.58500000000001,0.03888,0.009,1.2746348373169407,0.31848424999999997,10.217530090581272,13.023619804789007,1991,35,0.85,11.070076834070656,0.5551675922672475,0.050150292594049045,SAFE
100152,1845,1819,284.95,39.27,55.48,47.375,0.613,PVC,1994-01-01,1.203325,86.85276,0.00613,0.009,1.1372495157038074,0.30083125,3.9057372765287175,4.4417978261985915,1994,32,0.85,3.775528152268803,0.3753002569733239,0.0994033792988134,SAFE
100153,1165,1296,399.85,21.76,59.52,40.64,3.824,Concrete,1956-01-01,1.032256,121.87428000000001,0.038239999999999996,0.013,0.8368829368692267,0.258064,6.097248177281432,5.102682961423824,1956,70,0.5,2.551341480711912,1.0299602445273697,0.4036936068001275,SAFE
100154,1473,1890,300.47,24.11,46.13,35.120000000000005,2.579,Steel,2006-01-01,0.8920480000000001,91.58325600000002,0.02579,0.012,0.6249803013065528,0.22301200000000002,4.921489694498811,3.0758341121449613,2006,20,0.85,2.614458995323217,1.9727358628101412,0.7545484042163217,STRESSED
100155,1950,1455,358.71,47.7,47.13,47.415000000000006,1.637,Clay,1999-01-01,1.204341,109.334808,0.01637,0.015,1.1391707477815536,0.30108525,3.8317108972761034,4.364972968132746,1999,27,0.85,3.710227022912834,0.5599050158718508,0.15090855961484514,SAFE
100156,1260,1868,423.33,21.38,55.65,38.515,4.573,Clay,1997-01-01,0.978281,129.030984,0.04573000000000001,0.015,0.7516525220398064,0.24457025,5.5754307580287055,4.1907865907305855,1997,29,0.85,3.5621686021209977,1.3770575400711693,0.3865784284469964,SAFE
100157,1811,1557,278.84,39.91,31.24,35.574999999999996,2.182,HDPE,2009-01-01,0.9036049999999999,84.990432,0.02182,0.011,0.6412791680883854,0.22590124999999997,4.980968294722252,3.194191204314109,2009,17,1.0,3.194191204314109,1.5470772691245633,0.48434084566855734,SAFE
100158,1139,1862,477.19,58.56,23.99,41.275,3.835,Steel,1988-01-01,1.048385,145.44751200000002,0.03835,0.012,0.8632398457696489,0.26209625,6.683572184413721,5.769525821663615,1988,38,0.85,4.904096948414073,0.5515113335855594,0.11245930481939426,SAFE
100159,1541,1649,176.89,52.65,20.32,36.485,3.179,HDPE,1960-01-01,0.926719,53.916072,0.03179,0.011,0.6745063083472124,0.23167975,6.114270233229288,4.1241138432527364,1960,66,0.5,2.0620569216263682,1.4836110623625332,0.7194811388583744,STRESSED
100160,1844,1751,382.75,23.51,17.73,20.62,3.722,Steel,2015-01-01,0.523748,116.66220000000001,0.03722,0.012,0.21544411547558212,0.130937,4.145547183286203,0.8931337460653869,2015,11,1.0,0.8931337460653869,0.798787952166581,0.8943654359557716,STRESSED
100161,1473,1984,273.63,35.7,51.01,43.355000000000004,4.133,Concrete,2009-01-01,1.1012170000000001,83.402424,0.04133,0.013,0.9524357659981735,0.27530425000000003,6.61806905230525,6.303285667261157,2009,17,1.0,6.303285667261157,1.301381078127801,0.20646074869922,SAFE
100162,1416,1046,67.24,41.76,19.05,30.405,1.491,Clay,1984-01-01,0.772287,20.494752,0.014910000000000001,0.015,0.46843283562407606,0.19307175,2.719318337736871,1.2738179999106314,1984,42,0.7,0.8916725999374419,1.3037064504456999,1.4620909631373282,CRITICAL
100163,1690,1633,171.18,51.79,24.69,38.24,4.872,Steel,2000-01-01,0.971296,52.175664000000005,0.04872,0.012,0.7409571305863212,0.242824,7.159237991024324,5.304688439013962,2000,26,0.85,4.508985173161867,1.1179718997420411,0.24794313061758816,SAFE
100164,1232,1570,323.67,19.53,51.32,35.425,2.217,PVC,2001-01-01,0.8997949999999999,98.654616,0.022170000000000002,0.009,0.6358827334359971,0.22494874999999998,6.119219895241941,3.8911062734823814,2001,25,0.85,3.307440332460024,0.2715505631033758,0.08210293635181033,SAFE
100165,1691,1021,334.24,12.89,26.91,19.9,0.672,PVC,2001-01-01,0.5054599999999999,101.87635200000001,0.00672,0.009,0.2006612287974,0.12636499999999998,2.2936474342882716,0.46024611259228837,2001,25,0.85,0.3912091957034451,1.6870747416195522,4.312461874997524,CRITICAL
100166,1682,1950,63.76,15.36,59.16,37.26,1.177,Concrete,1974-01-01,0.9464039999999999,19.434048,0.011770000000000001,0.013,0.7034658442078972,0.23660099999999998,3.19243891679518,2.245771737685466,1974,52,0.7,1.5720402163798262,0.709482123446298,0.45131296009724825,SAFE
100167,1407,1256,216.46,35.34,24.8,30.07,1.161,HDPE,2005-01-01,0.763778,65.97700800000001,0.01161,0.011,0.45816738546660496,0.1909445,3.248091041189682,1.4881693800993792,2005,21,0.85,1.2649439730844723,0.454385169759723,0.35921367224805884,SAFE
100168,1883,1659,57.17,41.1,37.62,39.36,1.985,PVC,2018-01-01,0.999744,17.425416000000002,0.01985,0.009,0.7849960910096427,0.249936,6.211411323939234,4.875933608945328,2018,8,1.0,4.875933608945328,0.17747276895405145,0.036397700048348094,SAFE
100169,1125,1147,270.45,39.3,27.09,33.195,4.666,Steel,2015-01-01,0.8431529999999999,82.43316,0.04666000000000001,0.012,0.5583450375450524,0.21078824999999998,6.375614554232084,3.559792747655495,2015,11,1.0,3.559792747655495,1.2226965920576596,0.34347409490705216,SAFE
100170,1601,1853,116.69,27.23,55.72,41.475,1.519,Steel,1987-01-01,1.053465,35.567112,0.015189999999999999,0.012,0.8716258545487127,0.26336625,4.2199216492180645,3.6781928136283084,1987,39,0.85,3.126463891584062,1.3873722875003367,0.44375125880548943,SAFE
100171,1043,1027,379.71,59.45,29.59,44.52,1.497,Steel,2007-01-01,1.130808,115.735608,0.01497,0.012,1.0043096274786052,0.282702,4.391864252396937,4.4107915512613705,2007,19,1.0,4.4107915512613705,0.1315168749629267,0.02981706875839923,SAFE
100172,1254,1097,225.28,39.83,32.81,36.32,2.513,HDPE,1994-01-01,0.922528,68.665344,0.02513,0.011,0.668419320074623,0.230632,5.419800107523973,3.6226991028115427,1994,32,0.85,3.0792942373898113,1.072976810768634,0.34844893928621495,SAFE
100173,1370,1744,178.6,30.25,36.59,33.42,0.427,Clay,2007-01-01,0.848868,54.43728,0.0042699999999999995,0.015,0.5659397592570704,0.212217,1.5499206303624,0.8771617084148635,2007,19,1.0,0.8771617084148635,0.5303419728760821,0.6046114049306526,STRESSED
100174,1883,1238,332.9,38.45,57.07,47.760000000000005,3.025,HDPE,1991-01-01,1.2131040000000002,101.46791999999999,0.03025,0.011,1.1558086778730248,0.30327600000000005,7.137213691735884,8.249253520742501,1991,35,0.85,7.0118654926311255,1.3258283017779549,0.18908353321541715,SAFE
100175,1616,1746,334.78,47.78,13.49,30.635,4.003,PVC,1982-01-01,0.778129,102.040944,0.04003,0.009,0.4755466032646216,0.19453225,7.4635370362128715,3.5492596859107324,1982,44,0.7,2.4844817801375125,0.4312962151094837,0.1735960466917218,SAFE
100176,1856,1405,370.75,44.12,46.41,45.265,0.12,Concrete,1977-01-01,1.149731,113.00460000000001,0.0012,0.013,1.0382032020816279,0.28743275,1.160570259873024,1.2049077600408806,1977,49,0.7,0.8434354320286164,1.4127817023946854,1.6750324313465077,CRITICAL
100177,1095,1350,450.88,24.72,54.77,39.745000000000005,0.269,Clay,2005-01-01,1.0095230000000002,137.428224,0.00269,0.015,0.8004280826362361,0.25238075000000004,1.3808792341611198,1.1052945177517792,2005,21,0.85,0.9395003400890123,0.834797157971021,0.8885543967891792,STRESSED
100178,1284,1239,209.05,15.18,13.31,14.245000000000001,3.449,Concrete,2013-01-01,0.361823,63.71844000000001,0.03449,0.013,0.10282109432615122,0.09045575,2.878684244149778,0.29598946420292965,2013,13,1.0,0.29598946420292965,1.8797869785997956,6.3508577363112435,CRITICAL
100179,1064,1402,251.7,29.76,37.06,33.410000000000004,3.518,PVC,2006-01-01,0.8486140000000001,76.71816,0.035179999999999996,0.009,0.5656011266487897,0.21215350000000002,7.413197012945237,4.192912582591268,2006,20,0.85,3.563975695202578,0.36128979387738713,0.10137268735129555,SAFE
100180,1114,1707,428.2,42.23,27.65,34.94,4.299,PVC,1976-01-01,0.8874759999999999,130.51536000000002,0.04299,0.009,0.6185903146291498,0.22186899999999998,8.443171879901065,5.222864349655991,1976,50,0.7,3.656005044759193,0.7480260669954911,0.20460203359614365,SAFE
100181,1214,1291,436.18,22.09,53.26,37.675,2.16,Concrete,2012-01-01,0.9569449999999999,132.947664,0.0216,0.013,0.7192234460605581,0.23923624999999998,4.356805585685122,3.1335167271523416,2012,14,1.0,3.1335167271523416,0.3155996903571192,0.10071741044890735,SAFE
100182,1766,1095,132.46,48.13,38.81,43.47,0.973,Clay,2003-01-01,1.1041379999999998,40.373808000000004,0.009729999999999999,0.015,0.9574951768385265,0.27603449999999996,2.7878799686034075,2.669381623542505,2003,23,0.85,2.2689743800111293,1.8569178747292694,0.8183952587072232,STRESSED
100183,1826,1029,323.95,15.19,45.13,30.16,4.207,PVC,1972-01-01,0.766064,98.73996,0.042069999999999996,0.009,0.46091409469854877,0.191516,7.572055495268693,3.4900671036089412,1972,54,0.7,2.443046972526259,1.766944771423864,0.7232545224444603,STRESSED
100184,1856,1359,223.38,24.5,33.74,29.12,0.236,Steel,1988-01-01,0.739648,68.086224,0.0023599999999999997,0.012,0.42967497056321313,0.184912,1.3139680929546895,0.5645792016613075,1988,38,0.85,0.47989232141211136,0.5900890926587956,1.2296281193298193,CRITICAL
100185,1639,1278,307.97,50.63,42.16,46.394999999999996,0.591,Clay,1970-01-01,1.1784329999999998,93.86925600000001,0.0059099999999999995,0.015,1.0906858345951342,0.29460824999999996,2.269163300024421,2.474944267719785,1970,56,0.7,1.7324609874038492,1.3539696874649403,0.7815296836749607,STRESSED
100186,1307,1440,287.74,21.28,25.92,23.6,4.277,Steel,2008-01-01,0.59944,87.703152,0.04277,0.012,0.2822157975581423,0.14986,4.862342323905521,1.3722298169417078,2008,18,1.0,1.3722298169417078,1.65272218038231,1.204406259051954,CRITICAL
100187,1918,1247,169.99,42.69,12.45,27.57,3.544,Concrete,1993-01-01,0.700278,51.812952,0.03544,0.013,0.38515083772865555,0.1750695,4.531867098198056,1.7454524093459125,1993,33,0.85,1.4836345479440256,1.1548815420389784,0.7784137567026712,STRESSED
100188,1010,1778,402.7,37.18,39.68,38.43,2.459,HDPE,1969-01-01,0.9761219999999999,122.74296,0.02459,0.011,0.748338490446578,0.24403049999999998,5.56693288801976,4.165950153838116,1969,57,0.7,2.9161651076866812,1.1063360988764124,0.3793804733347353,SAFE
100189,1875,1810,271.94,56.39,26.95,41.67,2.032,HDPE,1995-01-01,1.058418,82.88731200000001,0.02032,0.011,0.8798412422518773,0.2646045,5.341140272140894,4.699355492081974,1995,31,0.85,3.9944521682696776,0.5595193527108582,0.1400741150827778,SAFE
100190,1543,1584,154.0,24.64,36.83,30.735,4.445,Steel,1987-01-01,0.780669,46.9392,0.04445,0.012,0.47865626706384296,0.19516725,5.911430642055948,2.8295433241333163,1987,39,0.85,2.405111825513319,0.27689525883120847,0.11512781064643894,SAFE
100191,1500,1543,333.3,15.17,55.99,35.58,2.291,Concrete,1984-01-01,0.9037319999999999,101.58984000000001,0.02291,0.013,0.6414594419417613,0.22593299999999997,4.319057358387171,2.7705001228254926,1984,42,0.7,1.9393500859778448,1.804709940111321,0.9305746049462562,CRITICAL
100192,1009,1908,340.64,47.28,32.47,39.875,1.728,PVC,2008-01-01,1.0128249999999999,103.827072,0.01728,0.009,0.8056728090693821,0.25320624999999997,5.845822715949407,4.709820408880564,2008,18,1.0,4.709820408880564,1.810794308610328,0.3844720501860324,SAFE
100193,1103,1594,234.21,49.06,23.88,36.47,2.925,Clay,1951-01-01,0.9263379999999999,71.387208,0.029249999999999998,0.015,0.6739518056851488,0.23158449999999997,4.299764488384734,2.8978340409677714,1951,75,0.5,1.4489170204838857,1.3028927688192091,0.8992183474965946,STRESSED
100194,1134,1647,234.05,55.58,29.82,42.7,1.245,Steel,1990-01-01,1.08458,71.33844,0.012450000000000001,0.012,0.9238746795636769,0.271145,3.89527236586699,3.5987435088286106,1990,36,0.85,3.058931982504319,0.7441566029925313,0.24327334090746836,SAFE
100195,1670,1727,114.23,56.73,56.73,56.73,3.725,PVC,1987-01-01,1.440942,34.817304,0.03725,0.009,1.630733082356375,0.3602355,10.857044928080278,17.70494234085,1987,39,0.85,15.049200989722499,0.7634981917640556,0.05073347032081431,SAFE
100196,1835,1136,335.7,12.67,56.97,34.82,2.764,PVC,2008-01-01,0.884428,102.32136,0.027639999999999998,0.009,0.614348564980129,0.221107,6.754525381333197,4.149632975143908,2008,18,1.0,4.149632975143908,1.4793157898534548,0.35649316426644995,SAFE
100197,1658,1317,459.25,23.25,52.53,37.89,3.684,Steel,1957-01-01,0.962406,139.9794,0.036840000000000005,0.012,0.7274556564520287,0.2406015,6.1874369299199214,4.501085993610421,1957,69,0.5,2.2505429968052106,1.8045094939098965,0.8018107170009695,STRESSED
100198,1652,1023,54.16,41.61,56.17,48.89,3.051,Clay,1974-01-01,1.241806,16.507967999999998,0.030510000000000002,0.015,1.2111484818489182,0.3104515,5.3389889228880145,6.4663083285640095,1974,52,0.7,4.526415829994806,1.785464206103723,0.39445430405932713,SAFE
100199,1329,1494,375.07,57.55,22.94,40.245,4.975,Steel,1974-01-01,1.0222229999999999,114.321336,0.049749999999999996,0.012,0.8206938482627399,0.25555574999999997,7.485240082325196,6.143090488333973,1974,52,0.7,4.300163341833781,1.5817635371294854,0.36783801251022963,SAFE
100200,1074,1290,184.22,57.61,16.2,36.905,1.186,HDPE,1991-01-01,0.937387,56.150256000000006,0.011859999999999999,0.011,0.6901249583414178,0.23434675,3.763185407436385,2.5970681725380667,1991,35,0.85,2.2075079466573566,1.3198601276931468,0.5978959802576022,SAFE
100201,1347,1990,456.59,38.72,22.91,30.814999999999998,3.896,Clay,1977-01-01,0.7827009999999999,139.168632,0.03896,0.015,0.48115129469091894,0.19567524999999997,4.435155113462123,2.13398062499735,1977,49,0.7,1.4937864374981449,0.2598659334905928,0.17396458219678776,SAFE
100202,1961,1251,69.71,55.95,27.09,41.52,4.518,PVC,1982-01-01,1.054608,21.247608,0.04518,0.009,0.873518292973959,0.263652,9.710717439090788,8.482489320947039,1982,44,0.7,5.9377425246629265,0.40709455677976614,0.0685604933337651,SAFE
100203,1213,1131,56.1,42.8,20.39,31.595,1.155,Steel,1964-01-01,0.8025129999999999,17.09928,0.01155,0.012,0.5058177134318894,0.20062824999999998,3.069289139960112,1.5525008146359542,1964,62,0.5,0.7762504073179771,1.8072529582014505,2.328182943498465,CRITICAL
100204,1565,1311,277.18,30.72,41.14,35.93,3.019,Steel,1975-01-01,0.9126219999999999,84.484464,0.03019,0.012,0.6541415700823532,0.22815549999999998,5.406351421640789,3.536519207369068,1975,51,0.7,2.4755634451583473,1.252215213353221,0.5058303861297823,SAFE
100205,1170,1496,470.63,35.33,31.85,33.59,1.87,PVC,1963-01-01,0.853186,143.448024,0.0187,0.009,0.5717120188467054,0.2132965,5.424180252340443,3.101069042653987,1963,63,0.5,1.5505345213269934,0.11747439807159633,0.0757638069038658,SAFE
100206,1646,1874,485.89,41.01,51.18,46.095,4.585,PVC,1986-01-01,1.1708129999999999,148.099272,0.04585,0.009,1.076626222172616,0.29270324999999997,10.488471206639352,11.292163131570383,1986,40,0.7,7.904514192099268,0.292795931445461,0.03704160993703027,SAFE
100207,1393,1964,140.15,38.38,20.89,29.635,4.07,Clay,1974-01-01,0.752729,42.71772000000001,0.0407,0.015,0.4450073434994155,0.18818225,4.416637105826507,1.965435945664801,1974,52,0.7,1.3758051619653606,1.360653361305306,0.9889869575438938,CRITICAL
100208,1164,1015,429.93,56.46,45.69,51.075,4.677,PVC,1953-01-01,1.297305,131.042664,0.04677,0.009,1.3218253155772572,0.32432625,11.343034227905099,14.993509797904288,1953,73,0.5,7.496754898952144,0.10961700930781551,0.014621927858830918,SAFE
100209,1471,1280,338.76,56.1,23.54,39.82,2.55,PVC,2006-01-01,1.011428,103.254048,0.0255,0.009,0.8034517961793151,0.252857,7.094866610505291,5.700383321863125,2006,20,0.85,4.845325823583656,0.4055352976932475,0.0836961873068237,SAFE
100210,1187,1990,333.35,30.95,39.56,35.255,1.536,HDPE,1981-01-01,0.8954770000000001,101.60508000000002,0.01536,0.011,0.6297943390501535,0.22386925000000002,4.1539941975342325,2.6161620300542445,1981,45,0.7,1.8313134210379711,1.1425941997965137,0.6239206171212911,STRESSED
100211,1776,1574,432.02,58.24,28.75,43.495000000000005,4.538,HDPE,1978-01-01,1.104773,131.679696,0.045380000000000004,0.011,0.9585968222365197,0.27619325,8.213247955842926,7.873193390711619,1978,48,0.7,5.511235373498133,1.4146008756161172,0.2566758230683643,SAFE
100212,1437,1106,467.6,20.35,14.73,17.54,1.901,Steel,1952-01-01,0.44551599999999997,142.52448,0.01901,0.012,0.1558893666763117,0.11137899999999999,2.659777790409802,0.4146310752467038,1952,74,0.5,0.2073155376233519,1.3387263930549411,6.457433959856504,CRITICAL
100213,1983,1121,235.9,18.06,22.98,20.52,2.096,Steel,2010-01-01,0.521208,71.90232,0.02096,0.012,0.21335952090657503,0.130302,3.1008573018618666,0.6615974283249028,2010,16,1.0,0.6615974283249028,0.5261116879750636,0.7952142276416109,STRESSED
100214,1530,1538,54.78,18.48,43.88,31.18,0.807,PVC,2009-01-01,0.791972,16.696944000000002,0.00807,0.009,0.4926171602017462,0.197993,3.3907373382956827,1.6703353985812468,2009,17,1.0,1.6703353985812468,1.453140520560318,0.869969301850748,STRESSED
100215,1106,1610,287.32,36.27,35.87,36.07,4.44,HDPE,1990-01-01,0.9161779999999999,87.575136,0.0444,0.011,0.6592491814716559,0.22904449999999998,7.17098330882342,4.727464876688746,1990,36,0.85,4.0183451451854335,0.5507732662439201,0.13706469861202122,SAFE
100216,1021,1237,124.99,13.03,36.91,24.97,3.36,PVC,1965-01-01,0.634238,38.096952,0.0336,0.009,0.31593256925402097,0.1585595,5.966532002132221,1.8850217849699702,1965,61,0.5,0.9425108924849851,0.7182594265026087,0.7620701598565887,STRESSED
100217,1067,1559,431.06,57.5,20.39,38.945,1.0,Clay,1987-01-01,0.9892029999999999,131.387088,0.01,0.015,0.7685298334120899,0.24730074999999999,2.626590464355811,2.0186131320131553,1987,39,0.85,1.7158211622111819,1.518333669724246,0.8849020534095562,STRESSED
100218,1509,1471,369.03,51.7,39.39,45.545,2.962,Clay,1957-01-01,1.156843,112.480344,0.02962,0.015,1.0510871518111442,0.28921075,5.017771600610791,5.274115260124843,1957,69,0.5,2.6370576300624213,1.334302508189708,0.5059815504138694,SAFE
100219,1014,1488,467.58,12.72,59.84,36.28,2.314,PVC,1988-01-01,0.921512,142.518384,0.02314,0.009,0.6669478415553238,0.230378,6.351844199244112,4.236348778581565,1988,38,0.85,3.60089646179433,1.7135244799389382,0.4758605247664042,SAFE
100220,1020,1163,258.05,20.46,51.21,35.835,4.692,Clay,1997-01-01,0.9102089999999999,78.65364000000001,0.04692,0.015,0.6506870031697971,0.22755224999999998,5.382390030928658,3.50225123911596,1997,29,0.85,2.976913553248566,1.3494644953706525,0.4533099370312736,SAFE
100221,1380,1500,464.0,27.94,40.53,34.235,2.167,Steel,2010-01-01,0.8695689999999999,141.4272,0.02167,0.012,0.5938790142732184,0.21739224999999998,4.435176572895512,2.6339582912388577,2010,16,1.0,2.6339582912388577,1.179786346337396,0.4479138300183541,SAFE
100222,1981,1656,447.7,18.29,58.85,38.57,2.249,Concrete,2010-01-01,0.9796779999999999,136.45896,0.02249,0.013,0.753800797071249,0.24491949999999998,4.515788759208403,3.404005166096681,2010,16,1.0,3.404005166096681,0.2779820588733757,0.08166323060905731,SAFE
100223,1265,1215,72.21,50.86,55.28,53.07,4.027,Steel,1998-01-01,1.347978,22.009608,0.04027,0.012,1.427103561146422,0.3369945,8.098254929319465,11.557048448703375,1998,28,0.85,9.823491181397868,0.7986600258129236,0.08130103759092248,SAFE
100224,1554,1239,484.39,28.55,40.59,34.57,0.177,Concrete,1958-01-01,0.878078,147.642072,0.0017699999999999999,0.013,0.6055584569864852,0.2195195,1.1776747150850557,0.713150883298905,1958,68,0.5,0.3565754416494525,0.6038844985952783,1.6935672737354528,CRITICAL
100225,1962,1474,92.97,57.13,13.56,35.345,4.093,HDPE,2018-01-01,0.897763,28.337256,0.04093,0.011,0.6330139583723388,0.22444075,6.792495009711087,4.299744153321573,2018,8,1.0,4.299744153321573,0.5635803224202588,0.13107299000218195,SAFE
100226,1788,1974,230.37,39.94,16.49,28.214999999999996,4.739,PVC,1989-01-01,0.7166609999999999,70.21677600000001,0.04739,0.009,0.4033828442139933,0.17916524999999997,7.687232765935156,3.1008978172579256,1989,37,0.85,2.6357631446692364,1.9487200540296465,0.7393380767049889,STRESSED
100227,1363,1343,433.65,54.18,15.14,34.66,2.057,HDPE,2013-01-01,0.8803639999999999,132.17652,0.020569999999999998,0.011,0.6087155992764979,0.22009099999999998,4.75290699911671,2.893168632272789,2013,13,1.0,2.893168632272789,0.8468856768668447,0.2927190857179853,SAFE
100228,1912,1185,243.51,52.55,33.68,43.114999999999995,4.551,Clay,2004-01-01,1.0951209999999998,74.221848,0.04551,0.015,0.9419201670259583,0.27378024999999995,5.996487083141127,5.648212114921292,2004,22,0.85,4.800980297683098,1.7948884548365152,0.37385874207871866,SAFE
100229,1826,1280,90.58,55.46,30.02,42.74,0.567,Steel,1963-01-01,1.085596,27.608784,0.00567,0.012,0.9256064030442402,0.271399,2.6303635566798764,2.4346813503971148,1963,63,0.5,1.2173406751985574,1.2991633893947996,1.067214310556818,CRITICAL
100230,1077,1951,175.13,34.07,58.82,46.445,2.774,Concrete,2011-01-01,1.179703,53.379624,0.02774,0.013,1.0930379707131048,0.29492575,5.676557017086739,6.2046923625937245,2011,15,1.0,6.2046923625937245,1.610141476729132,0.2595038371984732,SAFE
100231,1042,1817,251.28,38.22,20.06,29.14,2.302,PVC,1990-01-01,0.740156,76.59014400000001,0.02302,0.009,0.4302653861178576,0.185039,5.474179055513702,2.355349764998892,1990,36,0.85,2.002047300249058,1.055010476899865,0.5269658098330743,SAFE
100232,1291,1308,355.78,50.33,58.69,54.51,3.077,Steel,2018-01-01,1.3845539999999998,108.441744,0.03077,0.012,1.5056002516123064,0.34613849999999996,7.206357008807014,10.849892925667948,2018,8,1.0,10.849892925667948,1.1961173807900825,0.11024232119013712,SAFE
100233,1843,1792,330.46,25.71,48.84,37.275000000000006,2.76,Steel,1974-01-01,0.9467850000000001,100.724208,0.0276,0.012,0.7040323558372154,0.23669625000000002,5.297458297995936,3.729582045487484,1974,52,0.7,2.610707431841239,1.0357836182558413,0.3967444247574459,SAFE
100234,1156,1399,168.93,35.53,51.56,43.545,3.491,Concrete,1975-01-01,1.1060429999999999,51.489864000000004,0.034910000000000004,0.013,0.9608020131855518,0.27651074999999997,6.100136955403865,5.8610238674596165,1975,51,0.7,4.102716707221731,0.47096167681628454,0.11479263873795698,SAFE
100235,1746,1195,193.72,40.76,42.37,41.565,3.86,HDPE,1983-01-01,1.0557509999999999,59.045856,0.038599999999999995,0.011,0.8754127835644955,0.26393774999999997,7.349119466205025,6.43351312865856,1983,43,0.7,4.503459190060991,1.4726590189968602,0.3270061872098181,SAFE
100236,1085,1073,91.59,12.75,44.1,28.425,1.923,HDPE,1968-01-01,0.7219949999999999,27.916632000000003,0.01923,0.011,0.4094098256533706,0.18049874999999999,4.026364510335676,1.6484331921934479,1968,58,0.7,1.1539032345354134,0.6334674886376259,0.5489779989157182,SAFE
100237,1034,1174,271.96,40.49,34.89,37.69,1.857,Clay,1996-01-01,0.9573259999999999,82.893408,0.01857,0.015,0.7197962661979908,0.23933149999999997,3.501987578457833,2.520717583245691,1996,30,0.85,2.1426099457588372,0.1462003362197623,0.06823469503124298,SAFE
100238,1940,1404,315.64,32.82,12.63,22.725,2.845,Clay,1957-01-01,0.577215,96.207072,0.028450000000000003,0.015,0.2616767265850997,0.14430375,3.093629410030047,0.809530817284056,1957,69,0.5,0.404765408642028,1.326397362223619,3.2769533510129483,CRITICAL
100239,1234,1322,126.69,50.75,28.94,39.845,4.894,HDPE,1958-01-01,1.012063,38.615112,0.048940000000000004,0.011,0.8044609674623726,0.25301575,8.045215253052467,6.472061645913624,1958,68,0.5,3.236030822956812,0.436510290873393,0.13489064683090587,SAFE
100240,1220,1990,496.51,27.13,35.62,31.375,2.398,Steel,1988-01-01,0.796925,151.336248,0.02398,0.012,0.4987980920409602,0.19923125,4.401982548957482,2.195700496617595,1988,38,0.85,1.8663454221249558,1.8868713102705372,1.0109979041940753,CRITICAL
100241,1722,1012,96.82,54.86,47.04,50.95,0.754,Clay,1999-01-01,1.29413,29.510735999999998,0.00754,0.015,1.3153632117578922,0.3235325,2.728180013414709,3.588547624698861,1999,27,0.85,3.0502654809940317,1.912464296304916,0.6269828997578516,STRESSED
100242,1392,1409,367.82,39.74,34.49,37.115,4.845,Concrete,1964-01-01,0.942721,112.111536,0.04845,0.013,0.6980013207380052,0.23568025,6.460294731721351,4.509294255098281,1964,62,0.5,2.2546471275491404,1.8382423414188522,0.8153126575585551,STRESSED
100243,1798,1640,334.26,20.83,33.96,27.395,1.024,Concrete,1967-01-01,0.6958329999999999,101.882448,0.01024,0.013,0.3802768818256516,0.17395824999999998,2.4256975304318313,0.9224366931248005,1967,59,0.7,0.6457056851873603,0.8033015304853443,1.244067613021334,CRITICAL
100244,1576,1097,405.46,49.82,18.61,34.215,3.004,Steel,1995-01-01,0.8690610000000001,123.584208,0.03004,0.012,0.5931853317343342,0.21726525000000002,5.219900578083387,3.096368456030637,1995,31,0.85,2.6319131876260413,0.12936757140484811,0.04915343409238218,SAFE
100245,1717,1226,318.45,41.38,12.52,26.950000000000003,3.871,Concrete,2007-01-01,0.6845300000000001,97.06356,0.03871,0.013,0.36802290883721045,0.17113250000000002,4.665052796638333,1.716846300098003,2007,19,1.0,1.716846300098003,1.8638052689166782,1.0855982092341558,CRITICAL
100246,1274,1973,371.31,14.59,48.4,31.494999999999997,2.154,Steel,1976-01-01,0.7999729999999999,113.17528800000001,0.02154,0.012,0.5026208959462632,0.19999324999999998,4.1826529276237485,2.1022887619145094,1976,50,0.7,1.4716021333401565,0.9135498818028972,0.6207859183578207,STRESSED
100247,1166,1139,282.08,32.17,27.36,29.765,4.315,Clay,1981-01-01,0.756031,85.977984,0.04315,0.015,0.4489201386530064,0.18900775,4.560917491234145,2.047487712549754,1981,45,0.7,1.4332413987848278,1.9366441561829721,1.3512337543591426,CRITICAL
100248,1244,1346,334.35,44.6,59.25,51.925,2.512,Steel,2008-01-01,1.318895,101.90988000000002,0.02512,0.012,1.3661875553722431,0.32972375,6.303697901091739,8.612033625297663,2008,18,1.0,8.612033625297663,1.9308779564695804,0.22420696904824758,SAFE
100249,1907,1792,181.65,56.09,22.57,39.33,2.46,Concrete,1973-01-01,0.9989819999999999,55.36692000000001,0.0246,0.013,0.7837999066637372,0.24974549999999998,4.78471398758753,3.750258376883784,1973,53,0.7,2.6251808638186485,1.720717965387984,0.6554664438948363,STRESSED
100250,1952,1243,253.91,12.02,28.26,20.14,1.088,PVC,1987-01-01,0.511556,77.391768,0.01088,0.009,0.2055304849885354,0.127889,2.941896565505687,0.6046494278944905,1987,39,0.85,0.513952013710317,0.6594528949322127,1.2831020743969799,CRITICAL
100251,1180,1054,42.32,58.88,37.15,48.015,3.25,PVC,1992-01-01,1.219581,12.899136,0.0325,0.009,1.168183804619718,0.30489525,9.074017448615745,10.600120226309647,1992,34,0.85,9.010102192363199,0.831685684343658,0.09230591025355737,SAFE
100252,1723,1875,230.02,30.08,48.23,39.155,0.713,Clay,1976-01-01,0.994537,70.11009600000001,0.00713,0.015,0.7768403427767682,0.24863425,2.2258410191899123,1.7291231003140826,1976,50,0.7,1.2103861702198577,1.7171596758820282,1.418687455401212,CRITICAL
100253,1844,1764,480.18,58.74,34.27,46.505,3.945,Concrete,1996-01-01,1.181227,146.358864,0.03945,0.013,1.095863878324032,0.29530675,6.775308386867998,7.424815725674505,1996,30,0.85,6.3110933668233296,0.7021518097969275,0.11125676154437143,SAFE
100254,1964,1873,425.16,41.03,17.99,29.509999999999998,1.674,Concrete,1968-01-01,0.7495539999999999,129.58876800000002,0.016739999999999998,0.013,0.4412611917680127,0.18738849999999999,3.2590898299989557,1.4381098624643491,1968,58,0.7,1.0066769037250443,0.42203621870357577,0.4192370135262857,SAFE
100255,1493,1687,468.51,51.78,27.0,39.39,1.416,Concrete,1974-01-01,1.000506,142.801848,0.014159999999999999,0.013,0.7861931874290105,0.2501265,3.633803273133381,2.856871377794704,1974,52,0.7,1.9998099644562926,1.1579223986708653,0.57901621616616,SAFE
100256,1025,1461,175.29,39.59,36.22,37.905,0.908,Steel,1989-01-01,0.962787,53.428392,0.00908,0.012,0.7280317448527016,0.24069675,3.0726174716185572,2.236963059127355,1989,37,0.85,1.9014186002582516,1.8786940709054838,0.9880486446542169,CRITICAL
100257,1744,1887,348.48,42.15,44.34,43.245000000000005,4.47,Steel,1989-01-01,1.0984230000000001,106.21670400000001,0.0447,0.012,0.9476088705522906,0.27460575000000004,7.443529833348359,7.053554898301519,1989,37,0.85,5.995521663556291,1.4224566136824488,0.23725318554494346,SAFE
100258,1355,1296,316.26,25.71,48.97,37.34,4.841,Concrete,1956-01-01,0.9484360000000001,96.39604800000001,0.04841,0.013,0.7064898744431511,0.23710900000000001,6.483699548057686,4.580668079634391,1956,70,0.5,2.2903340398171954,1.1831162231697934,0.5165692875368628,SAFE
100259,1581,1443,126.08,40.17,18.26,29.215000000000003,0.52,HDPE,2018-01-01,0.7420610000000001,38.429184,0.0052,0.011,0.43248305473856274,0.18551525000000002,2.1323675454157276,0.9222128298667648,2018,8,1.0,0.9222128298667648,0.2846353381644602,0.3086438715080362,SAFE
100260,1543,1991,107.89,48.0,13.1,30.55,1.357,HDPE,1989-01-01,0.7759699999999999,32.884872,0.01357,0.011,0.4729113570103923,0.19399249999999998,3.548846365855943,1.678289750698333,1989,37,0.85,1.426546288093583,1.2685137307284224,0.8892201685398143,STRESSED
100261,1059,1742,170.82,53.2,36.92,45.06,1.868,Clay,1996-01-01,1.144524,52.065936,0.018680000000000002,0.015,1.0288206897064844,0.286131,3.9564630913280876,4.0704910864184125,1996,30,0.85,3.4599174234556505,1.9811023151981002,0.572586588849696,SAFE
100262,1318,1847,282.55,48.24,50.88,49.56,3.254,PVC,1971-01-01,1.258824,86.12124000000001,0.03254,0.009,1.2445716672314076,0.314706,9.273342072020254,11.541338803381404,1971,55,0.7,8.078937162366982,0.3661596289493957,0.045322747484041276,SAFE
100263,1029,1601,189.8,45.51,12.6,29.055,1.462,Steel,2017-01-01,0.737997,57.851040000000005,0.01462,0.012,0.4277589195694409,0.18449925,3.265543778031635,1.3968654782975225,2017,9,1.0,1.3968654782975225,1.0848263394910997,0.7766147537794899,STRESSED
100264,1322,1799,257.59,53.5,44.28,48.89,1.737,Clay,1974-01-01,1.241806,78.513432,0.01737,0.015,1.2111484818489182,0.3104515,4.028448585746548,4.879049388833353,1974,52,0.7,3.415334572183347,1.7670088366631154,0.5173750329044648,SAFE
100265,1635,1494,438.13,27.49,44.97,36.23,2.52,Steel,1982-01-01,0.9202419999999999,133.542024,0.0252,0.012,0.6651107735898557,0.23006049999999997,4.966842598543062,3.3035005230160253,1982,44,0.7,2.3124503661112175,1.5074603737329884,0.6518887478947459,STRESSED
100266,1032,1824,406.42,44.2,33.56,38.88,1.421,Concrete,1962-01-01,0.987552,123.876816,0.01421,0.013,0.7659665902906405,0.246888,3.608724053537428,2.7641620585878823,1962,64,0.5,1.3820810292939412,1.4243299078910092,1.030569031555734,CRITICAL
100267,1839,1754,286.91,33.64,55.91,44.775,2.481,Clay,2015-01-01,1.1372849999999999,87.450168,0.02481,0.015,1.0158474707868377,0.28432124999999997,4.540409283256052,4.612363286732739,2015,11,1.0,4.612363286732739,1.4347197595755077,0.3110595741021563,SAFE
100268,1249,1033,115.36,30.34,42.93,36.635,2.761,Steel,1957-01-01,0.9305289999999999,35.161728000000004,0.027610000000000003,0.012,0.6800638759779536,0.23263224999999998,5.237594896235119,3.5618990859360022,1957,69,0.5,1.7809495429680011,0.7830331873175348,0.4396717416331675,SAFE
100269,1956,1422,359.4,31.72,12.25,21.985,0.125,PVC,1952-01-01,0.558419,109.54512,0.00125,0.009,0.24491210695616736,0.13960475,1.057172751127716,0.2589144058953369,1952,74,0.5,0.12945720294766844,0.6578245041025373,5.081405198971086,CRITICAL
100270,1349,1988,398.12,31.27,35.25,33.26,1.779,Steel,1970-01-01,0.8448039999999999,121.34697600000001,0.01779,0.012,0.5605337985040749,0.21120099999999997,3.9418858292560386,2.2095602371422727,1970,56,0.7,1.5466921659995907,1.637786195409176,1.0588960307759194,CRITICAL
100271,1200,1491,236.91,27.23,53.25,40.24,1.517,Concrete,1953-01-01,1.0220960000000001,72.210168,0.01517,0.013,0.8204899365054646,0.25552400000000003,3.8150822285668986,3.130236575479981,1953,73,0.5,1.5651182877399905,1.6392154498904434,1.0473428511639515,CRITICAL
100272,1923,1404,418.05,41.85,51.86,46.855000000000004,0.889,Concrete,1985-01-01,1.190117,127.42164000000001,0.00889,0.013,1.1124210519110218,0.29752925,3.232416437056915,3.5958080931253305,1985,41,0.7,2.5170656651877312,1.747437405302197,0.6942359229916504,STRESSED
100273,1865,1910,213.87,32.65,43.16,37.905,1.085,Clay,1967-01-01,0.962787,65.187576,0.01085,0.015,0.7280317448527016,0.24069675,2.687017083201081,1.9562337355319,1967,59,0.7,1.3693636148723298,1.8351570498572956,1.3401532141836507,CRITICAL
100274,1989,1521,466.4,58.74,44.34,51.540000000000006,3.359,Clay,1967-01-01,1.3091160000000002,142.15872,0.03359,0.015,1.346003356982187,0.32727900000000004,5.802642784641881,7.810376667496437,1967,59,0.7,5.467263667247506,1.0715505578357818,0.19599394195218206,SAFE
100275,1068,1490,53.92,44.53,39.77,42.150000000000006,4.322,Concrete,2005-01-01,1.07061,16.434816,0.04322,0.013,0.9002279082828942,0.2676525,6.641709840790366,5.979052557396625,2005,21,0.85,5.082194673787131,1.0528809599056792,0.20717052916847384,SAFE
100276,1550,1323,260.44,21.53,25.16,23.345,4.185,PVC,1993-01-01,0.5929629999999999,79.382112,0.04185,0.009,0.2761500149935531,0.14824074999999998,6.366737692333615,1.7581747091979472,1993,33,0.85,1.494448502818255,1.6167608400368727,1.0818444643545488,CRITICAL
100277,1316,1593,440.39,32.48,38.91,35.69499999999999,1.846,Steel,2002-01-01,0.9066529999999998,134.230872,0.01846,0.012,0.6456127331326188,0.22666324999999996,4.209094503085866,2.7174450061507476,2002,24,0.85,2.3098282552281355,1.3349314684777538,0.5779353791591342,SAFE
100278,1097,1079,431.28,28.48,44.24,36.36,2.575,Steel,1975-01-01,0.9235439999999999,131.45414399999999,0.025750000000000002,0.012,0.6698924200578551,0.23088599999999998,5.032754786226209,3.3714042833028284,1975,51,0.7,2.3599829983119798,1.4337370667896363,0.6075200829053186,STRESSED
100279,1502,1899,404.27,50.29,28.92,39.605000000000004,2.073,Steel,1979-01-01,1.005967,123.221496,0.02073,0.012,0.7947990692509417,0.25149175,4.780436645772819,3.79948659667333,1979,47,0.7,2.659640617671331,1.612006071928592,0.6060992079975063,STRESSED
100280,1777,1175,267.22,54.24,53.08,53.66,4.287,Concrete,2001-01-01,1.3629639999999998,81.44865600000001,0.04287,0.013,1.4590112858004267,0.34074099999999996,7.769915907570069,11.336394998864996,2001,25,0.85,9.635935749035246,1.7910101494533759,0.18586779697370778,SAFE
100281,1835,1454,415.75,55.38,21.36,38.370000000000005,4.833,PVC,2017-01-01,0.9745980000000001,126.7206,0.048330000000000005,0.009,0.746003582382897,0.24364950000000002,9.528902965145052,7.108595748177218,2017,9,1.0,7.108595748177218,0.742190798017918,0.10440751230061579,SAFE
100282,1334,1426,258.55,43.81,47.87,45.84,3.681,Concrete,1997-01-01,1.164336,78.80604000000001,0.03681,0.013,1.064747263389455,0.291084,6.48214058675928,6.901841450657659,1997,29,0.85,5.86656523305901,0.8136076100158935,0.13868551319110675,SAFE
100283,1831,1645,428.43,24.97,25.9,25.435,3.112,PVC,1970-01-01,0.646049,130.585464,0.031120000000000002,0.009,0.32780894382903886,0.16151225,5.813186588022462,1.9056145557007773,1970,56,0.7,1.333930188990544,0.27856568569765106,0.20883078289760917,SAFE
100284,1788,1404,382.91,24.11,49.14,36.625,2.041,Concrete,1958-01-01,0.930275,116.71096800000001,0.020409999999999998,0.013,0.6796926620787669,0.23256875,4.156033655603911,2.824825579066371,1958,68,0.5,1.4124127895331855,1.1987322678927306,0.8487124138042689,STRESSED
100285,1419,1953,230.99,53.04,32.53,42.785,1.422,Steel,1973-01-01,1.086739,70.405752,0.01422,0.012,0.9275565301159817,0.27168475,4.168489640805737,3.866509787050184,1973,53,0.7,2.7065568509351285,0.16829032021380996,0.062178749415762256,SAFE
100286,1439,1187,88.9,37.33,50.77,44.05,2.838,PVC,2010-01-01,1.1188699999999998,27.096720000000005,0.028380000000000002,0.009,0.983216459209482,0.27971749999999995,8.00589908490074,7.871531751044538,2010,16,1.0,7.871531751044538,0.9846362344516743,0.1250882630716715,SAFE
100287,1755,1950,253.09,50.5,28.97,39.735,3.64,HDPE,2006-01-01,1.009269,77.14183200000001,0.0364,0.011,0.800025351531849,0.25231725,6.925577099186511,5.540637253337612,2006,20,0.85,4.70954166533697,1.1310248059443957,0.24015602500534844,SAFE
100288,1156,1973,67.2,39.48,22.26,30.869999999999997,4.888,PVC,1959-01-01,0.7840979999999999,20.482560000000003,0.04888,0.009,0.482870388487566,0.19602449999999996,8.289531617706709,4.002769352622001,1959,67,0.5,2.0013846763110004,0.6444283790437403,0.32199126268497563,SAFE
100289,1685,1792,447.43,47.19,48.83,48.01,3.486,Concrete,1996-01-01,1.2194539999999998,136.376664,0.03486,0.013,1.167940521691316,0.30486349999999995,6.505648978247479,7.598211061594937,1996,30,0.85,6.458479402355697,1.2225831950811206,0.18929892299961346,SAFE
100290,1092,1314,54.89,36.91,26.81,31.86,1.616,Concrete,2010-01-01,0.809244,16.730472000000002,0.01616,0.013,0.5143382910497143,0.202311,3.3699515503569692,1.7332951213309387,2010,16,1.0,1.7332951213309387,0.15795047488419392,0.09112728290777689,SAFE
100291,1440,1750,424.35,49.0,47.2,48.1,0.951,Steel,2015-01-01,1.22174,129.34188,0.00951,0.012,1.172323490714762,0.305435,3.6857132750875565,4.320848252424382,2015,11,1.0,4.320848252424382,0.1709615586235074,0.03956666576466385,SAFE
100292,1890,1079,202.26,39.31,47.73,43.519999999999996,0.709,Concrete,2012-01-01,1.105408,61.648848,0.00709,0.013,0.9596991010188612,0.276352,2.7480302343627345,2.637282145490567,2012,14,1.0,2.637282145490567,1.6629410652533507,0.630551064889579,STRESSED
100293,1819,1932,463.49,34.35,22.63,28.490000000000002,4.611,HDPE,1971-01-01,0.723646,141.27175200000002,0.04611,0.011,0.4112843773046049,0.1809115,6.244279375945221,2.568174554851617,1971,55,0.7,1.7977221883961318,0.7843622186813994,0.4363089156624258,SAFE
100294,1516,1976,411.06,28.45,22.28,25.365000000000002,4.59,Steel,1963-01-01,0.644271,125.291088,0.045899999999999996,0.012,0.32600709203336825,0.16106775,5.285233243867054,1.7230235205511841,1963,63,0.5,0.8615117602755921,0.3414149740385811,0.3962975199890071,SAFE
100295,1719,1698,443.3,15.27,21.55,18.41,4.634,Concrete,1972-01-01,0.467614,135.11784,0.046340000000000006,0.013,0.1717374031463046,0.1169035,3.9590076257775326,0.6799096886874503,1972,54,0.7,0.47593678208121515,1.0922621941041284,2.2949732721387814,CRITICAL
100296,1971,1819,100.59,30.14,18.84,24.490000000000002,0.408,Concrete,1977-01-01,0.622046,30.659832,0.004079999999999999,0.013,0.30390292833426313,0.1555115,1.4208941826105403,0.43181390294846245,1977,49,0.7,0.3022697320639237,1.5629877508873606,5.170837781921286,CRITICAL
100297,1031,1575,433.62,15.82,30.1,22.96,0.662,HDPE,1975-01-01,0.583184,132.16737600000002,0.00662,0.011,0.26711672541300346,0.145796,2.048959538099056,0.5473113623207599,1975,51,0.7,0.38311795362453194,0.510059952244002,1.3313392061596712,CRITICAL
100298,1740,1969,405.59,59.18,13.28,36.23,0.166,PVC,1967-01-01,0.9202419999999999,123.623832,0.00166,0.009,0.6651107735898557,0.23006049999999997,1.6997024775823248,1.1304904297373743,1967,59,0.7,0.791343300816162,1.2834919040561006,1.6219154224624823,CRITICAL
100299,1076,1595,317.42,20.72,17.32,19.02,4.695,PVC,1982-01-01,0.483108,96.749616,0.046950000000000006,0.009,0.1833067003213024,0.120777,5.88253853475079,1.0783087283180763,1982,44,0.7,0.7548161098226533,0.26216018348815917,0.3473166246408739,SAFE
